{"train": [6.2511527951203245, 6.013516103755163, 5.949265498688767, 5.8942269719512765, 5.857110297879693, 5.83160644936162, 5.810237069369695, 5.795185097103013, 5.780897476153667, 5.772930366366936, 5.760008673428157, 5.753204540167441, 5.742733313384669, 5.735682498143372, 5.724256635378193, 5.718168650259519, 5.704184026025527, 5.6945891460226905, 5.684613131944028, 5.6738843251872995, 5.6610818628492305, 5.6468524746388695, 5.633804244036115, 5.618211306673189, 5.602019661631664, 5.583281988538177, 5.564863727079423, 5.543484546618755, 5.520040128484118, 5.4949132983245, 5.469154653602472, 5.440604676081482], "val": [6.078184731801351, 6.050844807094998, 6.002711974249946, 5.999488936530219, 5.9838159031338165, 5.9840133772956, 5.983686669667562, 5.9903059005737305, 5.988897048102485, 5.993315103318956, 5.9928778754340275, 5.9955123795403376, 5.99363866382175, 5.994923612806532, 5.998985724978977, 5.995490646362304, 6.0014180289374455, 6.002360661824544, 6.004119841257731, 6.005070082346598, 6.003932995266385, 6.003326002756754, 6.0070795589023165, 6.011354562971327, 6.01152425342136, 6.011959838867187, 6.014739757113986, 6.014511405097114, 6.017175822787815, 6.017507627275255, 6.016262086232503, 6.015033955044217]}